{"_timestamp": 1664235111.2613435, "_step": 9, "val_rpn_bbox_loss": 0.5845521092414856, "global_step": 4, "best_val_loss": 0.948235080242157, "val_mrcnn_bbox_loss": 0.0484125129878521, "epoch": 4, "val_loss": 0.9547872543334961, "graph": {"_type": "graph-file", "sha256": "f7f7168aa85ab35fbabc568c44b2a5fe9079ea7700c025d52c7d541353a38584", "path": "media/graph/graph_summary_f7f7168aa85ab35fbabc.graph.json", "size": 56445}, "rpn_class_loss": 0.015406793914735317, "mrcnn_bbox_loss": 0.03449336066842079, "loss": 0.7571555972099304, "val_rpn_class_loss": 0.024212393909692764, "mrcnn_mask_loss": 0.20978325605392456, "val_mrcnn_mask_loss": 0.21758857369422913, "mrcnn_class_loss": 0.06324636936187744, "val_mrcnn_class_loss": 0.08002005517482758, "_runtime": 2281, "rpn_bbox_loss": 0.43422427773475647, "best_epoch": 3}