{"mrcnn_bbox_loss": 0.07934293150901794, "rpn_class_loss": 0.02643204852938652, "best_epoch": 4, "val_loss": 0.6521028876304626, "val_rpn_class_loss": 0.02291637286543846, "loss": 0.7210219502449036, "_step": 9, "val_mrcnn_mask_loss": 0.3201387822628021, "_runtime": 1742, "mrcnn_class_loss": 0.1213555708527565, "epoch": 4, "val_rpn_bbox_loss": 0.0964922085404396, "graph": {"size": 56445, "path": "media/graph/graph_summary_2e8aa1077bd298a2679d.graph.json", "sha256": "2e8aa1077bd298a2679dabf146b0418d0f58b1ad35ec0087abdf03af8e2d76bf", "_type": "graph-file"}, "_timestamp": 1669724521.387562, "val_mrcnn_class_loss": 0.13015446066856384, "best_val_loss": 0.6521028822660446, "val_mrcnn_bbox_loss": 0.08239355683326721, "global_step": 4, "rpn_bbox_loss": 0.19682374596595764, "mrcnn_mask_loss": 0.29706013202667236}