{"rpn_bbox_loss": 0.11635513603687286, "mrcnn_bbox_loss": 0.03165893629193306, "_timestamp": 1669897901.098211, "_runtime": 87771, "graph": {"size": 56445, "path": "media/graph/graph_summary_19863c69a7c9164cc35c.graph.json", "sha256": "19863c69a7c9164cc35c7272a4e0d6c9261fea90f7bbd2dd7176827763617cee", "_type": "graph-file"}, "_step": 129, "val_mrcnn_class_loss": 0.15021157264709473, "best_epoch": 118, "epoch": 149, "val_mrcnn_bbox_loss": 0.056612126529216766, "global_step": 149, "mrcnn_class_loss": 0.05994287133216858, "val_rpn_bbox_loss": 0.09880812466144562, "rpn_class_loss": 0.011975296773016453, "val_mrcnn_mask_loss": 0.2890474796295166, "val_rpn_class_loss": 0.013782274909317493, "val_loss": 0.6084694862365723, "loss": 0.4811980724334717, "mrcnn_mask_loss": 0.26125794649124146, "best_val_loss": 0.49394260346889496}