{"best_val_loss": 0.47452608466148377, "_step": 171, "epoch": 85, "mrcnn_mask_loss": 0.26571860909461975, "rpn_bbox_loss": 0.13048775494098663, "val_mrcnn_class_loss": 0.08217379450798035, "val_loss": 0.5050604343414307, "val_mrcnn_bbox_loss": 0.04635057970881462, "_runtime": 26270, "best_epoch": 78, "rpn_class_loss": 0.013905910775065422, "loss": 0.533554196357727, "mrcnn_class_loss": 0.08122248202562332, "_timestamp": 1669777611.0948052, "graph": {"_type": "graph-file", "path": "media/graph/graph_summary_b74ac65e4dc33cf60810.graph.json", "sha256": "b74ac65e4dc33cf60810a0a50d9498e472b7790ea4c5b333b33473fc342d7a55", "size": 56445}, "val_rpn_class_loss": 0.015210972167551517, "val_mrcnn_mask_loss": 0.27112486958503723, "global_step": 85, "mrcnn_bbox_loss": 0.04221159219741821, "val_rpn_bbox_loss": 0.09019238501787186}