{"epoch": 4, "mrcnn_bbox_loss": 0.010158274322748184, "_step": 9, "rpn_bbox_loss": 0.11344484984874725, "_timestamp": 1663678318.866579, "val_mrcnn_bbox_loss": 0.16168667376041412, "graph": {"size": 56445, "sha256": "60edfbb147f1568a0f06d5fac07ffb9451ee06da2ae20168456c173794121069", "path": "media/graph/graph_summary_60edfbb147f1568a0f06.graph.json", "_type": "graph-file"}, "rpn_class_loss": 0.005759251769632101, "loss": 0.20554673671722412, "best_val_loss": 1.6932427668571473, "val_loss": 2.3216850757598877, "best_epoch": 0, "val_rpn_bbox_loss": 0.3792538642883301, "mrcnn_mask_loss": 0.04615674167871475, "global_step": 4, "mrcnn_class_loss": 0.03002602979540825, "val_mrcnn_mask_loss": 0.4676258862018585, "_runtime": 2167, "val_rpn_class_loss": 0.5411456823348999, "val_mrcnn_class_loss": 0.7719712257385254}