{"_timestamp": 1669746092.712901, "val_rpn_class_loss": 0.016110708937048912, "graph": {"sha256": "8009cfe207915e4c1cefde550ea4ad51bb7349d35d4e7a985446306474f3f42d", "size": 56445, "_type": "graph-file", "path": "media/graph/graph_summary_8009cfe207915e4c1cef.graph.json"}, "best_val_loss": 0.5210478031635284, "val_rpn_bbox_loss": 0.10256821662187576, "val_mrcnn_mask_loss": 0.2927894592285156, "mrcnn_mask_loss": 0.2744291424751282, "global_step": 38, "val_mrcnn_class_loss": 0.09130824357271194, "rpn_bbox_loss": 0.15976779162883759, "mrcnn_bbox_loss": 0.052576255053281784, "best_epoch": 26, "val_loss": 0.558262050151825, "mrcnn_class_loss": 0.0948818251490593, "_step": 78, "rpn_class_loss": 0.020317958667874336, "epoch": 39, "_runtime": 11867, "val_mrcnn_bbox_loss": 0.05547761544585228, "loss": 0.6019807457923889}