{"graph": {"sha256": "e2cf07a08b4c0abbe9e157eb9fc60d7af7a73ff1f62ed4c30ffec9596579b10f", "path": "media/graph/graph_summary_e2cf07a08b4c0abbe9e1.graph.json", "_type": "graph-file", "size": 56445}, "global_step": 149, "best_val_loss": 0.3566856110095978, "_timestamp": 1670160420.3546753, "val_mrcnn_mask_loss": 0.18825717270374298, "_step": 299, "_runtime": 46698, "val_mrcnn_class_loss": 0.1088164821267128, "val_rpn_bbox_loss": 0.09886914491653442, "mrcnn_mask_loss": 0.12398701161146164, "mrcnn_class_loss": 0.06421463191509247, "rpn_class_loss": 0.011018815450370312, "loss": 0.3184991478919983, "rpn_bbox_loss": 0.09024982899427414, "best_epoch": 60, "epoch": 149, "val_rpn_class_loss": 0.013183671049773693, "val_mrcnn_bbox_loss": 0.0652645081281662, "mrcnn_bbox_loss": 0.029021047055721283, "val_loss": 0.47439879179000854}