{"mrcnn_mask_loss": 0.27964111617207527, "epoch": 19, "_runtime": 4992, "best_val_loss": 0.6972190886735916, "val_rpn_class_loss": 0.029143547508865594, "val_mrcnn_class_loss": 0.09386430568993091, "val_mrcnn_bbox_loss": 0.06586200900375844, "_timestamp": 1670002932, "rpn_class_loss": 0.0316106823743321, "_step": 38, "val_loss": 0.6972190886735916, "val_mrcnn_mask_loss": 0.2886321774125099, "val_rpn_bbox_loss": 0.21971507772803306, "loss": 0.7598855393230916, "mrcnn_class_loss": 0.09269413955137133, "best_epoch": 19, "graph": {"sha256": "c1f29d19e2c8806fb4ccbc117c0f177ee06c33ddb1d1477613d2ccfceac7af5d", "path": "media/graph/graph_summary_c1f29d19e2c8806fb4cc.graph.json", "size": 56436, "_type": "graph-file"}, "mrcnn_bbox_loss": 0.06495806130021811, "global_step": 18, "rpn_bbox_loss": 0.29097957253456114}